URL,Last crawled
https://samedayjetwash.com/areas.html,1970-01-01
https://samedayjetwash.com/areas/crawley.html,1970-01-01
https://samedayjetwash.com/areas/dorking.html,1970-01-01
https://samedayjetwash.com/areas/earlswood.html,1970-01-01
https://samedayjetwash.com/areas/merstham.html,1970-01-01
https://samedayjetwash.com/areas/redhill.html,1970-01-01
https://samedayjetwash.com/decking-cleaning.html,1970-01-01
https://samedayjetwash.com/driveway-cleaning.html,1970-01-01
https://samedayjetwash.com/faq.html,1970-01-01
https://samedayjetwash.com/guides/best-time-patio-cleaning.html,1970-01-01
https://samedayjetwash.com/patio-cleaning.html,1970-01-01
https://samedayjetwash.com/pricing.html,1970-01-01
https://samedayjetwash.com/quote.html,1970-01-01
https://samedayjetwash.com/render-cleaning.html,1970-01-01